x,y,z,
36.20386,37.18674,-1.396573,
36.19848,37.18676,1.646036,
36.20644,37.18677,-0.046374,
36.19929,37.18678,0.284863,
36.20617,37.18679,-2.742055,
36.20383,37.18682,-1.986945,
36.19879,37.18683,0.273542,
36.19794,37.18684,1.154494,
36.20099,37.18684,0.712308,
36.20049,37.18685,1.115388,
36.19896,37.18686,2.613409,
36.19821,37.18689,0.631009,
36.19906,37.18689,0.509832,
36.20611,37.18689,0.113686,
36.20259,37.18691,0.409432,
36.19835,37.18692,-0.231793,
36.20329,37.18692,-0.914368,
36.19923,37.18693,1.055748,
36.20371,37.18693,-0.034866,
36.20648,37.18695,2.168384,
36.19938,37.18697,0.342207,
36.1985,37.18697,-0.433325,
36.19791,37.18701,-0.863125,
36.19865,37.18701,-0.875724,
36.2038,37.18701,1.324906,
36.19806,37.18702,0.311707,
36.19886,37.18706,0.829143,
36.19902,37.18709,2.993979,
36.19832,37.1871,1.686999,
36.20379,37.1871,0.081052,
36.19912,37.18711,-2.222792,
36.20314,37.18712,0.461018,
36.20422,37.18712,0.09061,
36.20431,37.18712,1.266414,
36.19936,37.18714,-0.97782,
36.20329,37.18714,-0.107381,
36.2047,37.18714,0.506039,
36.19923,37.18715,0.225501,
36.19861,37.18715,-1.714397,
36.20356,37.18715,0.977107,
36.20488,37.18718,1.539312,
36.20446,37.18719,4.77026,
36.19882,37.1872,1.058822,
36.19803,37.18721,-1.59015,
36.20506,37.18721,0.177652,
36.20374,37.18722,0.723065,
36.20273,37.18723,-3.343396,
36.20336,37.18723,1.102025,
36.19901,37.18724,2.59117,
36.19821,37.18726,-0.343338,
36.20552,37.18726,-0.201572,
36.19913,37.18727,1.89528,
36.20616,37.18728,0.96512,
36.20465,37.18729,0.325204,
36.20355,37.1873,-0.318202,
36.19788,37.18731,-0.044577,
36.19927,37.18731,0.232022,
36.20323,37.18731,0.342441,
36.19841,37.18732,-2.763903,
36.20417,37.18732,0.026671,
36.19938,37.18735,0.747902,
36.1982,37.18737,0.037722,
36.19856,37.18737,-0.807196,
36.2,37.18738,0.526037,
36.19881,37.18742,1.720673,
36.20275,37.18742,-0.100929,
36.19896,37.18745,1.929763,
36.20478,37.18746,0.701736,
36.19853,37.18747,0.032013,
36.19913,37.18748,0.477392,
36.19788,37.1875,0.633077,
36.20335,37.1875,0.289984,
36.20308,37.1875,0.905499,
36.20292,37.1875,1.08845,
36.20492,37.1875,0.42149,
36.20505,37.1875,2.078391,
36.20521,37.1875,-1.073809,
36.19927,37.18753,0.003866,
36.19814,37.18754,-1.228942,
36.19935,37.18755,0.737486,
36.20279,37.18755,0.288406,
36.1989,37.18756,0.462485,
36.20411,37.18756,-0.155546,
36.20621,37.18756,-2.449604,
36.19828,37.18758,-2.22111,
36.20369,37.18759,-2.595201,
36.19904,37.1876,0.149918,
36.20262,37.1876,0.696609,
36.19925,37.18763,4.017837,
36.19799,37.18765,-0.122081,
36.2032,37.18765,1.426573,
36.19936,37.18766,1.889087,
36.19857,37.18766,1.380502,
36.20433,37.18766,0.014444,
36.2025,37.18766,0.912071,
36.19814,37.18769,2.840149,
36.19843,37.18771,1.425512,
36.19878,37.18772,-0.577824,
36.20296,37.18772,2.714558,
36.20632,37.18772,-1.435112,
36.19956,37.18773,1.362501,
36.20281,37.18773,0.052526,
36.19901,37.18774,-1.120988,
36.19914,37.18777,6.165191,
36.2053,37.18777,-0.873103,
36.20459,37.18777,0.791467,
36.19798,37.18779,-0.788434,
36.19814,37.18779,-0.099082,
36.19928,37.18779,-1.18184,
36.19983,37.18779,0.442918,
36.20479,37.18779,0.318073,
36.20519,37.18779,-3.619561,
36.20006,37.1878,1.653197,
36.20053,37.1878,2.467063,
36.20027,37.1878,-1.297033,
36.20113,37.1878,-0.708546,
36.20497,37.18782,-2.368821,
36.20144,37.18783,0.580534,
36.19872,37.18784,-0.593768,
36.19901,37.18784,-0.825266,
36.20132,37.18784,-0.764306,
36.19884,37.18786,-0.188182,
36.20404,37.18786,2.213705,
36.19913,37.18788,-0.348194,
36.19814,37.18791,0.144924,
36.20301,37.18791,0.444163,
36.20118,37.18792,0.833119,
36.19959,37.18793,1.153874,
36.2027,37.18793,-0.469551,
36.19841,37.18794,0.730285,
36.19928,37.18794,-1.590546,
36.20027,37.18797,-0.109767,
36.20285,37.18797,1.343948,
36.20453,37.18797,-0.274258,
36.2006,37.188,0.982241,
36.20081,37.188,0.145083,
36.20426,37.188,-3.185149,
36.19883,37.18802,0.105337,
36.199,37.18803,0.449837,
36.20102,37.18803,1.192276,
36.20271,37.18804,1.446295,
36.19853,37.18806,-1.034615,
36.20132,37.18806,1.052939,
36.20521,37.18806,-0.318229,
36.20571,37.18806,0.393644,
36.20531,37.18806,-3.751292,
36.20116,37.18807,0.597028,
36.20488,37.18807,-0.81021,
36.20257,37.18807,2.129597,
36.20511,37.18808,0.699679,
36.19841,37.18809,-0.837564,
36.20036,37.18809,0.480571,
36.19882,37.18811,-0.737982,
36.20308,37.18811,0.518507,
36.20055,37.18812,0.244611,
36.2008,37.18813,0.479306,
36.1987,37.18815,0.397361,
36.19963,37.18815,0.18041,
36.20125,37.18815,-1.065053,
36.20294,37.18815,0.689728,
36.20164,37.18818,0.751927,
36.204,37.18819,0.45165,
36.19928,37.1882,-0.186462,
36.20032,37.1882,0.424339,
36.19813,37.18821,-0.608273,
36.20043,37.18822,-0.394759,
36.20099,37.18825,-0.398095,
36.19881,37.18826,1.404834,
36.20447,37.18828,1.049785,
36.20124,37.18829,0.467226,
36.19796,37.1883,0.182459,
36.19869,37.1883,0.116114,
36.20299,37.1883,-0.366605,
36.19853,37.18832,-0.661631,
36.19991,37.18833,-0.591944,
36.20316,37.18833,1.512237,
36.20634,37.18833,0.431712,
36.20458,37.18833,-1.865131,
36.19813,37.18835,0.20406,
36.19826,37.18835,1.536838,
36.19897,37.18835,0.291079,
36.1991,37.18835,0.884349,
36.19927,37.18835,0.613833,
36.2054,37.18835,-0.395117,
36.19939,37.18836,-0.042622,
36.19965,37.18836,1.020519,
36.20249,37.18836,0.353026,
36.20271,37.18836,0.741475,
36.20215,37.18837,-1.349603,
36.19842,37.18838,0.265799,
36.20416,37.18838,-1.84356,
36.20492,37.18839,0.995706,
36.2051,37.18841,0.991371,
36.19853,37.18846,-0.282437,
36.19868,37.18847,0.642248,
36.19927,37.18848,0.446164,
36.19879,37.1885,-0.102054,
36.2002,37.1885,0.646223,
36.20032,37.1885,0.748739,
36.20047,37.1885,0.753239,
36.20058,37.1885,-0.369693,
36.20068,37.1885,0.335621,
36.20319,37.1885,1.677632,
36.20438,37.1885,1.533289,
36.19794,37.18851,-2.216795,
36.19896,37.18852,-0.314732,
36.20081,37.18852,0.818242,
36.2029,37.18852,-1.60519,
36.1981,37.18853,1.494054,
36.19909,37.18853,-0.565021,
36.1997,37.18853,-0.394164,
36.20117,37.18854,1.016041,
36.20096,37.18854,0.924178,
36.19822,37.18855,0.628512,
36.20452,37.18856,2.61402,
36.19841,37.18859,-0.895379,
36.20257,37.18859,1.895673,
36.19852,37.1886,-0.878472,
36.20464,37.1886,0.969572,
36.20413,37.18861,0.275001,
36.20309,37.18862,0.17548,
36.20275,37.18862,1.470399,
36.19794,37.18863,0.676801,
36.19997,37.18863,0.398163,
36.20529,37.18864,0.922282,
36.2052,37.18864,0.885578,
36.20387,37.18865,0.40919,
36.20483,37.18865,1.034598,
36.20491,37.18865,1.043371,
36.20637,37.18866,-1.238247,
36.1987,37.18868,2.57854,
36.19821,37.18872,2.8437,
36.20063,37.18873,0.111545,
36.20259,37.18873,0.773683,
36.19908,37.18874,-1.607644,
36.2005,37.18874,1.621561,
36.20326,37.18874,-0.957605,
36.20311,37.18875,-1.533882,
36.19978,37.18877,1.53768,
36.20409,37.18877,-1.983322,
36.19937,37.18878,0.158343,
36.20001,37.18878,2.074068,
36.1987,37.1888,4.861291,
36.19897,37.1888,0.657949,
36.20081,37.1888,1.214286,
36.19793,37.18881,-0.024519,
36.19821,37.18885,-0.728531,
36.20285,37.18885,-3.507459,
36.20262,37.18887,0.620834,
36.20343,37.18887,0.704799,
36.20382,37.18887,1.906727,
36.2023,37.18888,-0.171619,
36.19839,37.1889,0.510712,
36.19849,37.1889,2.993304,
36.19793,37.18892,-0.388586,
36.20403,37.18892,-2.058624,
36.20197,37.18895,0.23377,
36.20248,37.18895,1.058055,
36.19821,37.18897,0.481055,
36.19952,37.18897,0.940199,
36.19984,37.18897,0.158327,
36.2032,37.18898,0.43223,
36.20434,37.18899,-0.525502,
36.19838,37.189,0.680193,
36.19849,37.18903,0.124656,
36.20029,37.18903,0.472107,
36.20043,37.18903,0.264577,
36.20054,37.18904,0.46255,
36.20373,37.18904,1.111462,
36.20272,37.18904,-1.17981,
36.19906,37.18905,-1.005306,
36.20064,37.18905,0.567831,
36.20075,37.18905,0.965098,
36.19867,37.18908,0.813938,
36.20305,37.18908,1.076925,
36.20554,37.18908,-1.122957,
36.20506,37.1891,3.113146,
36.1982,37.18912,2.013466,
36.19935,37.18914,0.93126,
36.20031,37.18914,0.546687,
36.20333,37.18914,0.371711,
36.19848,37.18915,0.261521,
36.20397,37.18915,-0.133307,
36.19906,37.18916,-1.471401,
36.20063,37.18916,0.882718,
36.20047,37.18916,0.393967,
36.19808,37.18917,-0.032924,
36.20653,37.18924,3.365414,
36.19865,37.18925,1.033717,
36.19957,37.18925,0.187356,
36.19893,37.18926,0.880555,
36.20002,37.18926,-0.351485,
36.19835,37.18927,-0.189357,
36.19847,37.18927,-1.090635,
36.19906,37.18927,1.618836,
36.19935,37.18927,-0.150331,
36.20031,37.18927,1.298727,
36.20047,37.18927,0.944028,
36.20309,37.18927,-2.708208,
36.20265,37.18928,-0.775799,
36.2006,37.18931,0.07472,
36.20328,37.18932,-0.162629,
36.20072,37.18933,0.855898,
36.19952,37.18936,1.083699,
36.19962,37.18936,-0.865519,
36.19992,37.18939,0.865219,
36.2024,37.18941,0.27705,
36.20005,37.18942,1.569589,
36.20267,37.18942,-0.635138,
36.20433,37.18943,0.863376,
36.19807,37.18947,-2.985564,
36.1992,37.18947,-1.272129,
36.19893,37.18947,-1.002476,
36.19873,37.18947,-0.952797,
36.19789,37.18948,1.497746,
36.20483,37.18948,0.194051,
36.19834,37.18949,0.961662,
36.20509,37.18949,4.404595,
36.20281,37.1895,-1.170043,
36.19962,37.18951,-1.789009,
36.20388,37.18951,-0.456562,
36.2047,37.18951,-0.356641,
36.20539,37.18951,-2.191809,
36.20317,37.18951,0.16297,
36.19861,37.18952,-0.603389,
36.20244,37.18953,-3.165949,
36.20082,37.18954,0.022682,
36.20064,37.18956,1.379083,
36.19816,37.18957,1.118686,
36.1995,37.18957,-0.422246,
36.20411,37.18959,0.578079,
36.19905,37.1896,-1.195943,
36.20046,37.1896,0.559277,
36.20305,37.1896,0.875929,
36.20522,37.18962,1.215079,
36.19806,37.18963,0.933566,
36.19846,37.18965,-0.798495,
36.19932,37.18966,-0.978623,
36.19891,37.18966,2.396385,
36.19873,37.18966,-2.093425,
36.19833,37.18966,0.98368,
36.19788,37.18967,3.297359,
36.1992,37.18967,0.970921,
36.20031,37.18967,1.088542,
36.20266,37.18967,-0.853658,
36.19949,37.18968,0.021693,
36.20367,37.18968,0.743542,
36.19965,37.18969,-1.063266,
36.2025,37.18969,-1.491596,
36.20562,37.1897,0.995205,
36.20383,37.18971,0.858133,
36.20545,37.18971,0.976689,
36.20285,37.18972,-1.328762,
36.2001,37.18974,0.24081,
36.20085,37.18975,1.791879,
36.19892,37.18976,1.561149,
36.19846,37.18976,-1.304906,
36.19833,37.18976,2.185349,
36.20069,37.18976,-0.294949,
36.20527,37.18976,-0.066236,
36.2048,37.18976,1.192623,
36.19904,37.18977,-0.662032,
36.19873,37.18978,-0.525824,
36.19948,37.18978,0.376149,
36.20495,37.18978,1.293164,
36.20611,37.18978,1.329119,
36.19805,37.18979,1.012069,
36.19998,37.18979,1.218671,
36.2031,37.1898,0.96492,
36.20458,37.18981,0.461474,
36.20508,37.18981,0.102388,
36.20287,37.18983,0.148537,
36.20271,37.18983,-1.039413,
36.20253,37.18984,-0.768503,
36.19919,37.18985,1.505442,
36.2038,37.18985,1.00638,
36.19814,37.18986,1.269228,
36.19788,37.18986,0.448678,
36.19931,37.18986,0.427102,
36.20019,37.18986,1.868432,
36.19832,37.18987,0.291032,
36.19903,37.18988,1.640142,
36.19873,37.18988,-0.556173,
36.19891,37.18989,0.998993,
36.19959,37.18989,0.14497,
36.20055,37.18989,-0.5988,
36.20406,37.18989,-2.145546,
36.20037,37.18991,1.153897,
36.2036,37.18992,0.447494,
36.20427,37.18996,-0.337371,
36.20088,37.18997,0.381748,
36.20076,37.18998,0.521884,
36.20319,37.19001,-0.158582,
36.20608,37.19002,-0.276493,
36.1986,37.19003,1.849667,
36.20475,37.19003,-0.533504,
36.20558,37.19003,-0.330796,
36.19844,37.19004,-0.746925,
36.19948,37.19004,0.935223,
36.19803,37.19005,-0.24616,
36.2063,37.19005,-3.082124,
36.19972,37.19006,0.440219,
36.1983,37.19007,0.949149,
36.1993,37.19007,-0.489529,
36.2006,37.19007,1.313396,
36.20262,37.19007,-1.499961,
36.19901,37.19009,-0.239643,
36.20043,37.1901,0.406791,
36.1989,37.19011,-0.907116,
36.20024,37.19011,-0.06188,
36.20006,37.19011,0.151453,
36.19919,37.19013,0.94132,
36.20081,37.19014,-0.221426,
36.2058,37.19014,-2.426611,
36.20539,37.19014,-0.50491,
36.19844,37.19016,-0.048361,
36.19872,37.19016,-0.566524,
36.19947,37.19016,1.239044,
36.1997,37.19016,0.480811,
36.2053,37.19016,-1.470327,
36.20283,37.19018,1.017055,
36.20372,37.19018,0.024889,
36.20354,37.19018,0.624772,
36.2045,37.19018,0.670751,
36.2052,37.19018,1.343713,
36.20423,37.19019,0.280937,
36.19833,37.1902,0.850686,
36.1986,37.1902,0.861751,
36.20403,37.1902,1.626479,
36.19802,37.19021,0.949181,
36.1993,37.19021,-0.587379,
36.20064,37.19022,-1.004848,
36.20303,37.19023,2.410458,
36.20469,37.19024,-0.368717,
36.20584,37.19024,-0.979591,
36.20027,37.19025,-0.531523,
36.20616,37.19025,-3.382192,
36.1989,37.19027,0.810254,
36.19948,37.19028,1.037353,
36.19959,37.19028,1.024864,
36.20085,37.19028,-0.182008,
36.20049,37.19028,0.835362,
36.19844,37.19032,2.10991,
36.20448,37.19033,2.044076,
36.20103,37.19034,1.264748,
36.204,37.19034,0.802031,
36.19802,37.19036,1.206433,
36.19814,37.19036,0.020729,
36.19872,37.19036,-1.596886,
36.19919,37.19037,-0.083452,
36.19953,37.19037,0.809831,
36.20268,37.19037,1.080132,
36.20558,37.19038,2.585484,
36.20349,37.19039,0.966848,
36.20367,37.1904,1.995956,
36.20032,37.19041,-0.340746,
36.20639,37.19041,-2.847998,
36.1986,37.19042,1.589709,
36.19813,37.19044,1.114288,
36.2031,37.19044,0.699319,
36.20466,37.19044,0.058059,
36.20523,37.19044,-0.629983,
36.19902,37.19045,0.794577,
36.20052,37.19045,1.193117,
36.20589,37.19046,-1.05634,
36.19802,37.19047,0.38778,
36.19832,37.19047,0.501129,
36.19929,37.19047,-0.483123,
36.19947,37.19047,0.531437,
36.20014,37.19047,-0.238944,
36.20404,37.19047,1.514016,
36.19844,37.19048,-0.269695,
36.20272,37.19049,1.363749,
36.20642,37.1905,-2.725267,
36.20094,37.19055,0.848231,
36.20398,37.19057,-0.07781,
36.20624,37.19057,1.113825,
36.20565,37.19057,2.633134,
36.20464,37.19058,-0.134778,
36.20591,37.19058,-2.745276,
36.20362,37.19059,0.826428,
36.20341,37.19062,0.94743,
36.19812,37.19064,1.711699,
36.20414,37.19064,-0.045649,
36.198,37.19065,1.128206,
36.19899,37.19065,-1.227179,
36.19825,37.19065,0.318022,
36.19841,37.19065,-1.253186,
36.20075,37.19065,0.964321,
36.19858,37.19067,0.680092,
36.2002,37.19067,0.496553,
36.20461,37.19071,-0.226312,
36.20526,37.19071,-0.089714,
36.19919,37.19072,-1.834228,
36.19886,37.19072,0.352447,
36.20394,37.19072,-0.040308,
36.2044,37.19073,1.046281,
36.20548,37.19073,-0.699895,
36.20497,37.19074,-2.054531,
36.19899,37.19074,-0.668311,
36.20343,37.19074,0.060368,
36.20287,37.19074,5.109758,
36.19833,37.19075,1.610529,
36.19856,37.19075,0.589582,
36.19872,37.19075,0.254616,
36.20575,37.19075,-2.457296,
36.20028,37.19077,0.695165,
36.20358,37.19078,-1.800429,
36.20411,37.19078,0.475664,
36.20484,37.19078,0.893346,
36.20044,37.19081,0.532378,
36.20628,37.19081,-2.52423,
36.19899,37.19083,0.012948,
36.198,37.19084,0.481968,
36.19857,37.19085,-0.477856,
36.19829,37.19085,0.402785,
36.20474,37.19085,1.032947,
36.20291,37.19085,-1.341756,
36.19812,37.19086,-0.18091,
36.19869,37.19086,-0.459321,
36.19842,37.19086,-2.631878,
36.20081,37.19086,0.347266,
36.20579,37.19089,-2.614346,
36.20632,37.1909,0.134239,
36.2053,37.19092,-3.03274,
36.19799,37.19093,1.634357,
36.20025,37.19093,-0.919373,
36.19887,37.19094,-0.347578,
36.20548,37.19094,-1.961144,
36.20337,37.19097,-2.633711,
36.20462,37.19099,1.242757,
36.19911,37.191,-0.37294,
36.20598,37.191,0.801879,
36.20634,37.19101,-1.726861,
36.2053,37.19101,-1.108046,
36.19869,37.19104,-1.257131,
36.19857,37.19104,0.673843,
36.19842,37.19104,0.851453,
36.19886,37.19107,-0.046257,
36.20406,37.19107,2.314807,
36.20654,37.19108,-1.407644,
36.20555,37.19108,0.068109,
36.20334,37.19109,0.248721,
36.20051,37.1911,1.165048,
36.20574,37.1911,1.216767,
36.20262,37.19112,-7.656743,
36.20495,37.19116,0.073712,
36.20333,37.19117,0.843788,
36.20404,37.19117,2.625351,
36.20452,37.19118,0.785837,
36.20638,37.19118,-2.998339,
36.20478,37.19119,1.294032,
36.20537,37.19119,0.969961,
36.20029,37.1912,1.002174,
36.20465,37.19121,1.131737,
36.20591,37.19124,0.861413,
36.2035,37.19124,2.464715,
36.19838,37.19125,-0.819755,
36.19867,37.19126,0.020276,
36.19903,37.19127,0.601205,
36.19884,37.19127,0.479866,
36.20144,37.19127,0.742322,
36.20239,37.19128,0.939763,
36.20266,37.19128,-0.785379,
36.2033,37.19128,0.476708,
36.20402,37.19128,6.225664,
36.19794,37.1913,0.145874,
36.20605,37.1913,-0.831541,
36.19855,37.19133,1.527729,
36.20108,37.19133,-1.631465,
36.19804,37.19134,0.218543,
36.20427,37.19136,0.992092,
36.19822,37.19137,-0.817454,
36.20399,37.19138,3.800589,
36.2019,37.1914,2.790712,
36.20513,37.1914,4.531266,
36.205,37.19142,-0.288207,
36.20542,37.19142,2.94635,
36.19867,37.19144,1.008728,
36.19895,37.19145,0.984268,
36.19883,37.19145,0.549671,
36.19837,37.19145,-1.054653,
36.20345,37.19145,-4.496864,
36.19804,37.19146,2.188846,
36.20486,37.19146,1.464282,
36.19794,37.19147,0.469782,
36.20612,37.19147,-2.870085,
36.20474,37.19148,1.305836,
36.19822,37.1915,0.490395,
36.20435,37.1915,0.848544,
36.20424,37.19151,0.723346,
36.20464,37.19152,0.887654,
36.20545,37.19153,1.30032,
36.20566,37.19153,-1.273685,
36.20397,37.19153,6.83754,
36.201,37.19154,0.329044,
36.20447,37.19155,0.431654,
36.1989,37.19159,1.05967,
36.19867,37.19159,1.089955,
36.20589,37.1916,3.401985,
36.19814,37.19161,0.731035,
36.19797,37.19161,2.349117,
36.20394,37.19162,-3.827727,
36.20647,37.19163,-1.364911,
36.20566,37.19165,-1.334877,
36.20521,37.19166,-2.462653,
36.20427,37.19166,2.392597,
36.20548,37.19168,1.755014,
36.2028,37.1917,-4.509613,
36.2032,37.19171,-1.156109,
36.19873,37.19174,-1.431033,
36.2065,37.19174,0.968138,
36.20262,37.19174,0.908092,
36.20491,37.19175,0.628525,
36.20244,37.19175,0.351658,
36.19817,37.19177,-0.589162,
36.20616,37.19177,-2.531507,
36.19798,37.19178,-0.18725,
36.19886,37.19178,-1.026871,
36.20228,37.19178,1.0578,
36.19807,37.19179,0.834129,
36.20423,37.19179,2.389987,
36.20457,37.19182,0.671668,
36.20317,37.19183,0.903249,
36.20389,37.19184,-1.12073,
36.2034,37.19186,-3.399884,
36.2042,37.19187,5.081257,
36.19883,37.19189,0.335029,
36.20553,37.19189,0.970253,
36.20652,37.19189,0.768642,
36.19849,37.19192,1.029074,
36.20234,37.19192,0.942807,
36.20527,37.19193,0.888845,
36.20314,37.19193,0.924489,
36.1987,37.19195,1.228401,
36.19798,37.19198,1.254969,
36.20181,37.19198,4.959398,
36.20335,37.19198,-2.9115,
36.20508,37.19199,0.192168,
36.20598,37.19199,2.869971,
36.20416,37.19199,1.307332,
36.20491,37.192,1.022571,
36.20466,37.192,1.389239,
36.20385,37.19203,-0.075961,
36.20312,37.19204,1.033692,
36.19821,37.19206,1.592779,
36.20579,37.19207,1.232992,
36.19849,37.19208,-0.52673,
36.20476,37.19209,1.475606,
36.20267,37.19209,-10.05653,
36.20332,37.19209,-3.191282,
36.20547,37.19213,0.980869,
36.20431,37.19213,-1.205014,
36.20451,37.19214,-0.011686,
36.20308,37.19214,0.859152,
36.20382,37.19216,-0.38591,
36.20632,37.19217,-3.485299,
36.20407,37.19218,0.714521,
36.2033,37.19219,-2.762475,
36.20577,37.19222,0.209545,
36.20528,37.19223,0.054631,
36.20584,37.19223,0.400978,
36.20149,37.19224,-2.89847,
36.19912,37.19225,1.018109,
36.19822,37.19226,-1.120465,
36.20306,37.19227,0.871805,
36.20377,37.19228,0.598419,
36.20404,37.19228,1.04033,
36.19794,37.19231,0.232406,
36.20166,37.19231,0.562114,
36.19802,37.19232,0.929889,
36.19853,37.19232,0.034182,
36.20326,37.19232,-2.831793,
36.20475,37.19233,0.031964,
36.20237,37.19233,0.680819,
36.19811,37.19236,0.539577,
36.20636,37.19236,-3.713441,
36.20402,37.19237,0.854081,
36.20449,37.19237,0.272187,
36.20425,37.19237,0.189733,
36.203,37.19241,0.743669,
36.20374,37.19243,0.083425,
36.2031,37.19245,1.082744,
36.20323,37.19245,-2.936954,
36.20583,37.19246,0.499934,
36.2059,37.19246,1.590466,
36.20561,37.19251,0.389347,
36.19799,37.19253,0.207666,
36.19821,37.19254,-0.58993,
36.20592,37.19257,0.198135,
36.20544,37.19258,0.29489,
36.20523,37.19261,0.271623,
36.20509,37.19262,-0.989147,
36.20574,37.19263,0.689509,
36.20449,37.19265,-1.576191,
36.20566,37.19265,0.576639,
36.20489,37.19267,-3.75384,
36.20029,37.19269,-1.810108,
36.20009,37.19271,0.168192,
36.19978,37.19272,-1.897462,
36.19805,37.19275,0.213945,
36.19819,37.19275,-0.135089,
36.19949,37.19275,-1.014284,
36.20584,37.19275,0.851777,
36.19837,37.19276,-1.396188,
36.19879,37.19276,1.545521,
36.19929,37.19276,-0.63872,
36.20426,37.19276,-0.94467,
36.20402,37.19277,0.926318,
36.20418,37.19277,0.867036,
36.20412,37.19277,0.762678,
36.2033,37.19277,1.471589,
36.20547,37.19278,-0.810158,
36.20309,37.19279,0.816369,
36.20535,37.19279,0.206836,
36.2032,37.19279,0.915014,
36.2046,37.1928,-0.653167,
36.20374,37.1928,0.914026,
36.20365,37.1928,0.910301,
36.20303,37.1928,0.831047,
36.20358,37.19281,0.825804,
36.19838,37.19286,-0.771015,
36.20248,37.19286,-4.719033,
36.19805,37.19289,0.914684,
36.1982,37.1929,-1.367926,
36.2023,37.1929,0.76415,
36.20549,37.1929,-0.090516,
36.19863,37.19292,0.606094,
36.2048,37.19293,0.175357,
36.19879,37.19294,-0.200692,
36.20538,37.19294,1.013747,
36.20291,37.19294,1.0019,
36.19976,37.19296,1.071867,
36.19987,37.19296,-0.678631,
36.20209,37.19296,2.511256,
36.19849,37.19297,0.678863,
36.19937,37.19297,0.381095,
36.20453,37.19297,0.606474,
36.19838,37.19298,0.961412,
36.20431,37.19299,0.255337,
36.2062,37.19299,-0.505967,
36.20423,37.19299,-4.337003,
36.19793,37.19301,0.696407,
36.19805,37.19301,0.904991,
36.19819,37.19301,0.385157,
36.19912,37.19301,0.85262,
36.20405,37.19301,1.115664,
36.20605,37.19302,0.673808,
36.199,37.19303,0.786295,
36.19876,37.19303,-2.354712,
36.20386,37.19303,0.828481,
36.19964,37.19304,1.255732,
36.2036,37.19304,0.846917,
36.20368,37.19304,0.832122,
36.20377,37.19304,0.517515,
36.2034,37.19306,1.258274,
36.19837,37.1931,0.665234,
36.20309,37.1931,0.882997,
36.20294,37.19311,0.703346,
36.20623,37.19313,-1.108345,
36.19879,37.19314,-2.102768,
36.20573,37.19315,0.810902,
36.20586,37.19315,1.426888,
36.19819,37.19319,-0.316059,
36.19863,37.19321,-0.905395,
36.19802,37.19322,1.860504,
36.20549,37.19322,0.833218,
36.19902,37.19323,0.606051,
36.19837,37.19327,0.125302,
36.20607,37.19327,0.615045,
36.20431,37.19331,0.045253,
36.20521,37.19332,-0.210791,
36.20588,37.19332,2.496829,
36.20411,37.19333,0.206352,
36.20576,37.19333,0.175614,
36.20623,37.19333,0.164934,
36.20372,37.19338,0.297882,
36.20355,37.19339,1.412486,
36.2045,37.19339,0.653676,
36.20548,37.19339,0.518013,
36.2034,37.1934,1.96205,
36.20323,37.19342,0.271168,
36.20308,37.19343,0.823598,
36.20294,37.19343,0.343207,
36.20608,37.19343,-0.006024,
36.20407,37.19347,1.192699,
36.20422,37.19348,-0.056284,
36.20396,37.19348,2.246222,
36.20239,37.19349,-0.128824,
36.20436,37.19349,0.198701,
36.2023,37.1935,-0.43563,
36.20153,37.19351,0.044941,
36.20219,37.19351,-0.302876,
36.20379,37.19351,1.209845,
36.20364,37.19352,0.863491,
36.20341,37.19355,1.111145,
36.20191,37.19356,-0.312372,
36.19839,37.19357,0.790844,
36.19852,37.19357,0.873873,
36.19824,37.19357,1.572082,
36.20591,37.19357,2.304413,
36.20626,37.19358,1.959867,
36.20302,37.19359,0.857112,
36.19905,37.19362,0.035522,
36.20272,37.19362,0.5323,
36.2065,37.19362,4.561255,
36.19878,37.19363,-1.430225,
36.19932,37.19363,-0.765248,
36.19918,37.19363,0.013357,
36.2012,37.19363,-0.645426,
36.20104,37.19365,1.426059,
36.2061,37.19365,0.183723,
36.20158,37.19366,0.647471,
36.20088,37.19367,0.439271,
36.20425,37.19368,-2.157369,
36.19819,37.19368,0.724802,
36.20219,37.19369,1.152656,
36.202,37.19372,1.623595,
36.20581,37.19372,0.796634,
36.20374,37.19373,0.16899,
36.20187,37.19374,1.274088,
36.20177,37.19375,1.372357,
36.20344,37.19377,-1.443964,
36.20593,37.19377,2.041414,
36.19905,37.19378,1.078928,
36.19921,37.19378,3.173501,
36.20166,37.19378,1.136129,
36.20651,37.19378,1.064211,
36.20129,37.19382,0.413545,
36.20527,37.19383,-0.403012,
36.20611,37.19383,0.403785,
36.20111,37.19384,1.4118,
36.20277,37.19384,0.523031,
36.20557,37.19384,-1.035119,
36.20098,37.19385,0.870975,
36.20085,37.19386,0.847573,
36.20264,37.19387,0.251893,
36.20424,37.19387,-1.780101,
36.20405,37.19389,1.175999,
36.20541,37.19389,0.574638,
36.20593,37.19389,2.359064,
36.20394,37.1939,0.816754,
36.20583,37.1939,0.203158,
36.20383,37.19391,0.078592,
36.2021,37.19393,0.030319,
36.20234,37.19395,0.310781,
36.20191,37.19396,1.498381,
36.2022,37.19396,0.39677,
36.20652,37.19396,-0.514379,
36.2032,37.19398,-1.915894,
36.19935,37.194,-0.326186,
36.2031,37.19401,0.081018,
36.20162,37.19402,0.001469,
36.2063,37.19402,0.47168,
36.20152,37.19403,0.162467,
36.20557,37.19404,-0.160271,
36.201,37.19405,-0.787158,
36.20133,37.19405,-1.470072,
36.20179,37.19405,0.725086,
36.20274,37.19405,0.617256,
36.20531,37.19405,-0.385181,
36.19906,37.19407,3.224469,
36.20652,37.19409,0.759331,
36.20058,37.1941,0.787549,
36.20235,37.1941,-2.813072,
36.20221,37.19411,-0.135399,
36.19832,37.19413,-1.328206,
36.2021,37.19413,-0.284442,
36.20424,37.19413,-1.078221,
36.20399,37.19415,NaN,
36.19973,37.19416,-0.131083,
36.20171,37.19416,0.986712,
36.20386,37.19416,0.247152,
36.20376,37.19416,0.909919,
36.19881,37.19417,-2.375453,
36.20632,37.19417,-1.413162,
36.19804,37.19418,0.362003,
36.19815,37.19418,-1.019164,
36.20607,37.19418,0.973506,
36.19868,37.19419,-0.233355,
36.20134,37.19419,1.123114,
36.20358,37.19419,1.025379,
36.2012,37.1942,-0.330199,
36.2034,37.1942,0.571636,
36.19904,37.19421,0.150447,
36.19994,37.19421,-0.068009,
36.20095,37.19421,-0.575455,
36.20576,37.19422,0.893226,
36.20007,37.19425,1.180896,
36.20318,37.19425,1.142824,
36.20298,37.19426,1.178284,
36.20027,37.19427,0.107356,
36.20653,37.19427,0.763192,
36.20557,37.19428,-0.065614,
36.2027,37.19429,-1.015502,
36.20087,37.1943,0.150837,
36.20435,37.1943,-0.667578,
36.2062,37.1943,-0.411465,
36.19815,37.19433,-0.962851,
36.19803,37.19434,0.815971,
36.19832,37.19434,1.069007,
36.19881,37.19434,-3.07648,
36.19842,37.19434,1.495316,
36.19966,37.19434,0.03259,
36.20228,37.19434,0.912767,
36.20608,37.19434,0.253369,
36.20633,37.19434,-1.170448,
36.19867,37.19436,1.235582,
36.19991,37.19436,0.556176,
36.20204,37.19436,-1.13175,
36.20377,37.19436,0.23807,
36.20214,37.19437,-0.674563,
36.20388,37.19437,0.040071,
36.20349,37.19437,-0.506874,
36.20333,37.19438,1.618576,
36.20193,37.19439,1.836433,
36.20182,37.19439,0.394694,
36.20038,37.1944,0.138793,
36.20589,37.1944,-0.08857,
36.20518,37.1944,-0.498894,
36.20558,37.1944,-0.369191,
36.20026,37.19442,0.547294,
36.203,37.19443,1.033159,
36.20103,37.19444,0.840788,
36.20156,37.19444,0.775262,
36.20288,37.19445,1.586879,
36.20496,37.19445,1.191591,
36.20482,37.19446,0.811675,
36.19972,37.19448,0.090751,
36.20006,37.19448,0.821925,
36.20121,37.19448,1.248159,
36.20621,37.19448,0.27204,
36.20438,37.19449,0.148384,
36.20577,37.19449,0.521825,
36.19952,37.19451,1.4643,
36.1999,37.19451,1.002289,
36.20258,37.19451,0.805294,
36.20407,37.19451,1.623206,
36.20634,37.19451,-1.28375,
36.20229,37.19452,0.314566,
36.20397,37.19452,-0.280352,
36.20608,37.19452,-0.140683,
36.19797,37.19453,-0.13091,
36.19867,37.19453,1.265046,
36.19834,37.19453,0.020094,
36.20024,37.19453,0.405898,
36.20046,37.19453,0.38395,
36.20517,37.19453,-0.9011,
36.19805,37.19454,-0.19671,
36.19901,37.19454,0.840629,
36.19858,37.19454,0.163377,
36.20383,37.19454,-1.625347,
36.20214,37.19455,0.139313,
36.20373,37.19455,0.040463,
36.20557,37.19455,1.125953,
36.20202,37.19456,0.773578,
36.20589,37.19457,0.921193,
36.2019,37.19458,1.01932,
36.20328,37.19458,2.339169,
36.20342,37.19458,0.164675,
36.20171,37.1946,0.817599,
36.1999,37.19461,0.80444,
36.19879,37.19462,0.792998,
36.20137,37.19462,1.708312,
36.20485,37.19462,0.808147,
36.20124,37.19463,1.546595,
36.20318,37.19463,1.074158,
36.19945,37.19465,0.703049,
36.19955,37.19465,1.903638,
36.20609,37.19465,1.824754,
36.20635,37.19465,-0.275129,
36.20053,37.19466,-0.634399,
36.20109,37.19466,0.919087,
36.203,37.19466,-1.485098,
36.19821,37.19467,-0.284087,
36.20022,37.19467,0.743569,
36.19848,37.19469,0.511521,
36.20088,37.19469,0.889651,
36.20277,37.1947,0.909162,
36.20554,37.1947,-0.285843,
36.20582,37.1947,1.307354,
36.19866,37.19471,1.058345,
36.20493,37.19471,0.5075,
36.20505,37.19471,1.017418,
36.20519,37.19471,-0.573922,
36.2059,37.19471,0.821069,
36.20231,37.19472,0.95304,
36.20479,37.19472,1.483938,
36.20538,37.19472,1.12129,
36.20249,37.19473,0.303872,
36.20374,37.19473,0.192016,
36.20462,37.19474,0.817783,
36.20221,37.19475,0.701443,
36.20343,37.19475,-0.184892,
36.2006,37.19477,-1.804299,
36.2019,37.19477,2.179451,
36.20211,37.19477,1.498731,
36.19929,37.19478,-1.124555,
36.20005,37.19478,-0.806581,
36.2002,37.19479,0.465163,
36.20329,37.19479,-1.555601,
36.20623,37.19479,0.244361,
36.20175,37.1948,-0.913538,
36.20319,37.1948,0.782923,
36.19944,37.19482,-0.73132,
36.20302,37.19482,1.820682,
36.1992,37.19483,1.314435,
36.20033,37.19483,0.112278,
36.20046,37.19483,0.868155,
36.2061,37.19483,1.365309,
36.20636,37.19483,-0.061561,
36.20559,37.19483,2.761981,
36.19797,37.19486,1.552585,
36.20256,37.19486,0.561398,
36.20434,37.19487,-1.862735,
36.19848,37.19489,-1.484614,
36.20135,37.19489,0.857493,
36.20576,37.19489,1.519734,
36.20591,37.19489,-0.242977,
36.19829,37.1949,-1.014081,
36.20224,37.1949,0.45416,
36.20211,37.1949,1.617298,
36.20425,37.1949,0.148639,
36.20555,37.1949,0.317709,
36.20494,37.19491,1.625286,
36.2052,37.19491,-0.349041,
36.19987,37.19492,-0.622262,
36.2048,37.19492,1.285827,
36.20539,37.19492,0.652155,
36.20191,37.19493,0.692888,
36.20001,37.19495,-1.129523,
36.20402,37.19495,0.361965,
36.20452,37.19496,0.370162,
36.20624,37.19496,1.301566,
36.20017,37.19497,1.282553,
36.2016,37.19497,0.584642,
36.20385,37.19497,-0.430213,
36.20146,37.19498,1.281066,
36.20358,37.19498,-0.562426,
36.19905,37.19499,0.329796,
36.19928,37.19499,-0.516814,
36.19919,37.195,0.259867,
36.20132,37.195,1.933365,
36.20303,37.195,1.221408,
36.20612,37.195,0.3299,
36.20637,37.195,-1.435197,
36.19793,37.19501,-0.166409,
36.20321,37.19501,1.521408,
36.20592,37.19505,0.520883,
36.20556,37.19506,0.295294,
36.20581,37.19506,0.079102,
36.20071,37.19507,0.782921,
36.20018,37.19507,0.886241,
36.20122,37.19507,0.921896,
36.2025,37.19507,-1.41185,
36.20275,37.19507,-1.039068,
36.20436,37.19507,-0.388592,
36.20521,37.19507,-0.90241,
36.20267,37.19508,-0.381363,
36.20496,37.19508,1.214797,
36.20508,37.19508,0.723413,
36.2054,37.19508,1.041429,
36.20059,37.19509,0.590734,
36.20221,37.19509,-0.382761,
36.19825,37.1951,-1.623389,
36.19959,37.1951,0.68722,
36.19969,37.1951,-0.035575,
36.20234,37.1951,0.557717,
36.20426,37.1951,0.828787,
36.20465,37.1951,0.490136,
36.20332,37.19511,-0.368691,
36.19983,37.19513,0.227722,
36.19794,37.19514,0.564354,
36.20099,37.19514,0.407505,
36.20195,37.19514,-0.260117,
36.20414,37.19514,-0.097945,
36.20625,37.19514,0.671276,
36.20403,37.19515,0.975962,
36.19926,37.19516,1.118775,
36.19999,37.19517,0.207132,
36.20387,37.19517,0.606979,
36.20014,37.19518,0.774787,
36.20174,37.19518,-1.020396,
36.20359,37.19518,0.659758,
36.20377,37.19518,0.742751,
36.20639,37.19518,-0.866987,
36.19903,37.19519,0.050468,
36.20031,37.19519,0.93058,
36.2035,37.19519,0.88894,
36.20151,37.1952,0.690336,
36.20306,37.1952,-0.029476,
36.20332,37.1952,0.202842,
36.1994,37.19522,-1.065959,
36.20268,37.19522,1.212329,
36.20045,37.19523,0.611592,
36.20138,37.19523,1.991904,
36.20293,37.19523,0.661808,
36.20583,37.19523,1.161843,
36.19917,37.19524,2.365033,
36.2025,37.19524,-1.3021,
36.20557,37.19524,-1.672248,
36.20594,37.19524,-1.047646,
36.1995,37.19525,0.284223,
36.20497,37.19525,0.84674,
36.20509,37.19525,0.573739,
36.20523,37.19525,-1.217041,
36.19959,37.19526,2.235626,
36.20061,37.19526,-1.964,
36.20483,37.19526,0.812526,
36.20542,37.19526,1.238827,
36.20224,37.19527,0.29407,
36.20466,37.19528,0.826779,
36.19973,37.1953,0.497552,
36.20075,37.1953,-1.262619,
36.20415,37.1953,0.256202,
36.20455,37.1953,0.127446,
36.20405,37.19531,1.299295,
36.20239,37.19532,0.950181,
36.20307,37.19532,-0.633302,
36.20268,37.19533,-0.014977,
36.20388,37.19533,-0.132713,
36.20614,37.19533,0.182497,
36.19991,37.19534,-0.835496,
36.20152,37.19534,1.12685,
36.20177,37.19534,0.565165,
36.2036,37.19534,0.175412,
36.20378,37.19534,-0.31024,
36.19891,37.19535,-0.329121,
36.20351,37.19535,0.547097,
36.19901,37.19536,-0.202795,
36.20167,37.19536,-0.035897,
36.20334,37.19536,-0.936736,
36.20195,37.19537,0.716421,
,,,
